symbol,latest_decile,latest_pred_ret,n_deciles
AAA,9,2.16,10
AAM,1,-2.68,10
AAT,10,2.52,10
ABR,5,1.73,10
ABS,9,2.11,10
ABT,1,-5.04,10
ACB,10,4.85,10
ACC,1,-3.47,10
ACG,9,2.45,10
ACL,3,-1.11,10
ADG,10,4.04,10
ADP,9,2.36,10
ADS,9,1.92,10
AFX,7,2.44,10
AGG,3,-1.47,10
AGR,2,-1.51,10
ANT,1,-5.05,10
ANV,9,2.38,10
APG,1,-5.48,10
APH,5,-0.87,10
ASG,10,1.08,10
ASM,9,1.34,10
ASP,5,0.33,10
AST,1,-3.32,10
BAF,6,1.15,10
BCE,9,2.72,10
BCM,1,-1.74,10
BFC,5,0.94,10
BHN,1,-3.81,10
BIC,7,1.07,10
BID,3,-0.58,10
BKG,8,0.32,10
BMC,10,7.49,10
BMI,3,-1.29,10
BMP,6,1.82,10
BRC,1,-1.94,10
BSI,10,6.22,10
BSR,1,-5.19,10
BTP,1,-2.86,10
BTT,7,1.56,10
BVB,1,-3.28,10
BVH,4,-0.4,10
BWE,5,0.01,10
C32,10,8.49,10
C47,8,2.8,10
CCI,9,4.89,10
CCL,5,-1.01,10
CDC,3,0.06,10
CHP,3,-0.06,10
CIG,5,0.76,10
CII,5,0.22,10
CKG,7,0.6,10
CLC,1,-0.71,10
CLL,7,1.15,10
CMG,10,4.0,10
CMV,3,-1.64,10
CMX,8,0.73,10
CNG,4,-0.66,10
COM,2,-2.78,10
CRC,4,-0.47,10
CRE,9,0.99,10
CSM,6,-0.17,10
CSV,3,-1.18,10
CTD,8,2.68,10
CTF,8,0.63,10
CTG,4,0.39,10
CTI,6,0.14,10
CTR,7,2.06,10
CTS,8,3.75,10
CVT,1,-3.6,10
D2D,6,0.38,10
DAH,9,4.26,10
DAT,7,-0.63,10
DBC,9,3.54,10
DBD,3,-0.28,10
DBT,10,2.59,10
DC4,8,2.84,10
DCL,2,-2.36,10
DCM,7,1.02,10
DGC,1,-3.91,10
DGW,2,-2.2,10
DHA,2,-2.38,10
DHC,5,-0.26,10
DHG,1,-1.19,10
DHM,3,-1.39,10
DIG,8,0.82,10
DLG,2,-2.4,10
DMC,1,-1.93,10
DPG,5,0.38,10
DPM,9,1.81,10
DPR,5,0.63,10
DQC,1,-3.73,10
DRC,6,-0.14,10
DRH,1,-10.43,10
DRL,5,0.2,10
DSC,6,0.12,10
DSN,7,0.52,10
DTA,9,8.23,10
DTL,1,-4.95,10
DTT,1,-15.09,10
DVP,3,-0.0,10
DXG,3,-1.57,10
DXS,8,2.19,10
DXV,5,-0.66,10
EIB,10,4.13,10
ELC,5,0.19,10
EVE,2,-1.23,10
EVF,3,-1.15,10
EVG,8,3.09,10
FCM,7,0.75,10
FCN,1,-4.79,10
FDC,2,0.04,10
FIR,6,-0.37,10
FIT,2,-3.94,10
FMC,8,0.6,10
FPT,3,-0.87,10
FRT,1,-4.08,10
FTS,4,-0.36,10
GAS,2,-1.58,10
GDT,2,-1.66,10
GEG,9,1.64,10
GEX,7,1.94,10
GHC,1,-2.02,10
GIL,9,1.68,10
GMD,6,0.97,10
GMH,2,-2.71,10
GSP,7,1.67,10
GTA,10,5.67,10
GVR,4,0.12,10
HAG,4,-0.22,10
HAH,10,5.16,10
HAP,2,-2.33,10
HAR,8,0.78,10
HAS,9,2.9,10
HAX,8,1.22,10
HCD,3,-0.67,10
HCM,9,3.73,10
HDB,2,-0.91,10
HDC,5,-0.13,10
HDG,10,3.58,10
HHP,3,-0.88,10
HHS,8,2.63,10
HHV,6,0.75,10
HID,6,0.85,10
HII,3,-1.7,10
HMC,1,-180.38,10
HNA,6,-0.05,10
HPG,4,-0.16,10
HPX,10,6.42,10
HQC,9,2.7,10
HRC,7,3.41,10
HSG,9,2.26,10
HSL,2,-3.0,10
HT1,10,2.91,10
HTG,1,-14.21,10
HTI,4,0.3,10
HTL,5,1.0,10
HTN,6,-1.8,10
HTV,9,2.26,10
HU1,10,5.98,10
HUB,1,-2.68,10
HVH,10,4.89,10
HVN,5,0.16,10
ICT,2,-0.9,10
IDI,10,2.35,10
IJC,9,2.49,10
ILB,4,0.16,10
IMP,1,-1.54,10
ITC,3,-1.12,10
ITD,2,-2.34,10
JVC,10,4.16,10
KBC,4,-0.81,10
KDC,8,0.26,10
KDH,9,2.25,10
KHG,1,-2.82,10
KHP,6,0.68,10
KLB,5,0.84,10
KMR,6,-0.06,10
KOS,10,0.8,10
KSB,9,1.84,10
L10,10,8.35,10
LAF,10,13.96,10
LBM,3,-0.45,10
LCG,6,0.13,10
LDG,3,-3.5,10
LGL,7,2.43,10
LHG,3,-0.87,10
LIX,9,2.36,10
LM8,9,5.21,10
LPB,4,1.37,10
LSS,9,2.91,10
MBB,9,3.09,10
MCH,1,-5.69,10
MCM,10,1.78,10
MCP,1,-8.27,10
MDG,4,1.86,10
MHC,4,-1.77,10
MIG,10,7.82,10
MSB,10,3.82,10
MSH,9,2.59,10
MSN,9,0.79,10
MWG,3,-1.02,10
NAB,6,0.87,10
NAF,4,1.14,10
NAV,1,-3.1,10
NBB,5,-0.49,10
NCT,8,0.81,10
NHA,9,4.06,10
NHH,10,4.07,10
NHT,10,2.32,10
NKG,6,-0.23,10
NLG,4,-0.85,10
NNC,8,1.92,10
NSC,7,0.45,10
NT2,7,0.94,10
NTC,3,-1.07,10
NTL,3,-0.39,10
NVL,2,-5.24,10
NVT,1,-7.85,10
OCB,3,-0.62,10
OGC,9,1.82,10
OPC,10,4.26,10
ORS,2,-2.27,10
PAC,2,-1.54,10
PAN,10,4.85,10
PC1,8,2.08,10
PDN,1,-7.21,10
PDR,8,2.54,10
PDV,4,-1.09,10
PET,6,1.62,10
PGC,8,0.63,10
PGD,1,-2.39,10
PGI,1,-2.69,10
PGV,1,-3.24,10
PHC,10,2.23,10
PHR,6,0.88,10
PIT,1,-3.6,10
PJT,8,1.5,10
PLP,4,-1.18,10
PLX,9,2.26,10
PMG,10,8.23,10
PNC,2,-1.83,10
PNJ,4,0.04,10
POW,9,1.92,10
PPC,9,1.42,10
PTB,10,2.76,10
PTC,1,-6.26,10
PTL,1,-7.29,10
PVD,8,2.48,10
PVP,8,2.29,10
PVT,2,-1.2,10
QCG,9,6.06,10
RAL,8,1.27,10
REE,9,1.75,10
S4A,8,2.76,10
SAB,6,-0.03,10
SAM,10,3.16,10
SAV,8,3.07,10
SBA,4,0.69,10
SBT,4,-0.57,10
SBV,8,1.32,10
SC5,3,-1.43,10
SCR,1,-15.24,10
SCS,9,0.98,10
SFC,10,8.7,10
SFG,4,-1.12,10
SFI,1,-2.55,10
SGN,4,-0.3,10
SGR,5,-0.48,10
SGT,6,1.69,10
SHA,4,-0.62,10
SHB,7,1.61,10
SHI,3,-0.4,10
SHP,6,1.4,10
SIP,4,-0.34,10
SJD,4,-0.1,10
SJS,10,5.33,10
SKG,7,-0.02,10
SMA,6,0.74,10
SMB,5,0.23,10
SMC,4,-1.66,10
SPM,5,-0.48,10
SRC,10,22.31,10
SRF,9,2.62,10
SSB,1,-3.06,10
SSC,9,3.35,10
SSI,10,5.0,10
ST8,10,7.4,10
STB,5,0.96,10
STG,10,9.82,10
STK,9,1.35,10
SVC,2,-1.69,10
SVD,1,-4.32,10
SVT,6,0.72,10
SZC,9,2.52,10
SZL,10,5.51,10
TBC,6,1.04,10
TCB,10,4.36,10
TCH,10,5.96,10
TCI,1,-2.26,10
TCL,10,2.1,10
TCM,10,1.95,10
TCO,7,3.69,10
TCR,1,-9.82,10
TCT,5,-0.69,10
TDC,10,7.61,10
TDG,2,-2.35,10
TDH,10,4.65,10
TDM,8,1.5,10
TDP,1,-0.74,10
TDW,8,5.18,10
TEG,1,-3.39,10
THG,1,-1.58,10
TIP,7,0.34,10
TIX,8,3.18,10
TLD,2,-2.07,10
TLG,8,1.97,10
TLH,4,-1.13,10
TMP,7,1.25,10
TMS,6,0.6,10
TMT,4,0.03,10
TN1,1,-4.13,10
TNC,8,6.31,10
TNH,10,3.04,10
TNI,3,-1.93,10
TNT,7,2.48,10
TPB,10,2.27,10
TPC,4,-1.27,10
TRA,7,1.02,10
TRC,10,8.21,10
TSC,10,4.21,10
TTA,6,0.16,10
TTF,3,-2.83,10
TV2,6,0.5,10
TVB,10,3.27,10
TVS,7,0.82,10
TVT,2,-1.34,10
TYA,5,0.09,10
UIC,10,3.02,10
VAB,8,1.1,10
VBB,5,0.5,10
VCA,1,-7.04,10
VCB,1,-1.79,10
VCF,6,1.52,10
VCG,3,-0.53,10
VCI,4,-0.09,10
VDP,10,5.29,10
VDS,7,1.97,10
VFG,1,-1.9,10
VGC,10,4.38,10
VHC,10,3.4,10
VHM,7,2.38,10
VIB,9,3.16,10
VIC,2,-1.52,10
VID,10,9.34,10
VIP,10,3.82,10
VIX,5,0.52,10
VJC,10,5.83,10
VMD,8,1.94,10
VND,1,-5.1,10
VNG,10,2.39,10
VNL,4,0.36,10
VNM,1,-1.52,10
VNS,1,-3.1,10
VOS,8,1.37,10
VPB,1,-2.45,10
VPD,7,1.58,10
VPG,10,3.3,10
VPH,8,1.87,10
VPI,2,-0.78,10
VPL,1,-1.68,10
VPS,2,-1.84,10
VRC,8,5.37,10
VRE,6,0.67,10
VSC,8,1.64,10
VSH,5,0.75,10
VSI,1,-1.58,10
VTB,2,-2.7,10
VTO,10,5.53,10
VTP,8,2.25,10
YBM,1,-5.33,10
YEG,5,-0.35,10
