symbol,score,oos_ic,train_ic,train_oos_gap,hit_rate_oos,hit_rate_train,n_signals,chosen_alpha,a,b,c,d,alpha_is_high
AAA,0.49438199874598915,0.3591990124699791,0.5873348669948428,0.22813585452486373,0.4523809523809524,0.70995670995671,42,1000.0,20,120,55,30,True
AAM,0.3602453895963415,0.31311687336511884,0.47942349274151447,0.16630661937639563,0.8181818181818182,0.6366279069767442,11,1000.0,80,20,50,25,True
AAT,0.3287486355793718,0.24453638544955988,0.45783857008050494,0.21330218463094505,0.11764705882352941,0.6150943396226415,17,1000.0,170,260,50,25,True
ABR,0.29222980773227153,0.4994659365424267,0.5049279676065407,0.00546203106411397,0.6451612903225806,0.5689655172413793,31,1000.0,70,110,60,15,True
ABS,0.5112158402059582,0.4720088454183429,0.5239954828678368,0.05198663744949389,0.55,0.7450980392156863,20,1000.0,160,20,35,25,True
ABT,0.47005876041563555,0.40657425372955236,0.594915014208559,0.1883407604790066,0.2962962962962963,0.6876006441223832,54,1000.0,210,40,55,5,True
ACB,0.4475477465902415,0.29793713149697054,0.5350099021459105,0.23707277064893995,0.3333333333333333,0.6907216494845361,15,1000.0,40,20,15,40,True
ACC,0.4109332194076271,0.40705263731162095,0.5292102141579714,0.12215757684635048,0.19444444444444445,0.6609756097560976,36,432.87612810830615,210,240,30,40,False
ACG,0.28760516535675684,0.3129758803747384,0.41679274511246067,0.10381686473772228,0.25,0.5968109339407744,24,1000.0,60,240,25,25,True
ACL,0.41840086977212687,0.5050900465308561,0.5043030224716049,-0.0007870240592512401,0.4406779661016949,0.6751269035532995,59,1000.0,120,240,45,25,True
ADG,0.4020150501672241,0.46993728282221925,0.6141753345809492,0.14423805175872995,0.35714285714285715,0.6287625418060201,28,35.11191734215131,20,250,15,30,False
ADP,0.46874540555676975,0.4462997121318637,0.572463332302816,0.12616362017095228,0.6666666666666666,0.6936790923824959,45,187.3817422860385,300,90,15,10,False
ADS,0.509727406660734,0.5379623943742656,0.5450422008623617,0.00707980648809603,0.5277777777777778,0.7368421052631579,36,1000.0,200,20,25,20,True
AFX,0.3026600252939112,0.48958812537537716,0.3825827242782898,-0.10700540109708734,0.21739130434782608,0.6189111747851003,46,432.87612810830615,170,180,15,30,False
AGG,0.4767681929613012,0.43739426970655165,0.5237451950469311,0.08635092534037941,0.42857142857142855,0.7164750957854407,21,1000.0,110,210,45,35,True
AGR,0.47060695040029704,0.6418090362475697,0.5096192278525945,-0.13218980839497518,0.5,0.7160493827160493,6,1000.0,80,200,60,40,True
ANT,0.33438209886013576,0.6307041154932546,0.46080838030960836,-0.1698957351836462,0.625,0.618798955613577,8,187.3817422860385,170,280,35,10,False
ANV,0.40743855094996934,0.5635477988937754,0.5380872951569502,-0.02546050373682518,0.25,0.6539196940726577,16,1000.0,110,70,60,40,True
APG,0.40190961728828956,0.35312811179463005,0.5493836212993466,0.19625550950471654,0.5,0.7046511627906977,0,1000.0,170,120,55,15,True
APH,0.4769949969543021,0.41766341008226454,0.5398089209571837,0.12214551087491915,0.68,0.7113095238095238,25,1000.0,90,200,55,25,True
ASG,0.45139710948555517,0.3025288268496106,0.5394048164564333,0.23687598960682277,0.3333333333333333,0.6936936936936937,27,1000.0,190,260,15,30,True
ASM,0.5632101640810158,0.583316357675597,0.5941464703744593,0.01083011269886236,0.5897435897435898,0.7650429799426934,39,1000.0,260,70,40,5,True
ASP,0.3384862168958211,0.5026849742958128,0.5499325025919753,0.04724752829616252,0.7454545454545455,0.5925110132158591,55,1000.0,90,270,55,40,True
AST,0.3776268097634709,0.5666632818003999,0.5382955425242099,-0.028367739276190074,1.0,0.6317411402157165,6,1000.0,200,120,45,15,True
BAF,0.4303120626134062,0.7315075313466346,0.541940660768586,-0.18956687057804855,0.7272727272727273,0.6721804511278195,22,1000.0,70,60,30,35,True
BCE,0.41849989640675583,0.4821913904223731,0.5146136506844997,0.032422260262126634,0.34285714285714286,0.6717391304347826,35,1000.0,250,110,60,30,True
BCM,0.40574734437202203,0.3002765144700258,0.4741971763482001,0.1739206618781743,0.3076923076923077,0.6747252747252748,52,1000.0,140,290,50,15,True
BFC,0.4660667244249104,0.4485528326110989,0.5850960563452947,0.1365432237341958,0.21428571428571427,0.6871069182389937,42,432.87612810830615,200,100,40,40,False
BHN,0.44384225340487515,0.4322690659286002,0.5635827300414888,0.13131366411288864,0.5862068965517241,0.6787878787878788,29,1000.0,290,40,60,40,True
BIC,0.3667476597083894,0.6896871927445103,0.46121189028682497,-0.22847530245768533,0.18,0.647887323943662,50,1000.0,230,20,55,40,True
BID,0.430335303008887,0.3666931630802899,0.5306664695396612,0.16397330645937136,0.5,0.676829268292683,52,1000.0,110,20,25,5,True
BKG,0.4300031069567022,0.3538595244719113,0.4963986124621781,0.14253908799026677,0.03333333333333333,0.6866197183098591,30,1000.0,210,110,40,10,True
BMC,0.3560855821471365,0.48910752959422554,0.48235504447675204,-0.006752485117473506,0.2702702702702703,0.6297029702970297,37,1000.0,290,20,15,20,True
BMI,0.4229296948936454,0.6175028825212948,0.5289755117038494,-0.08852737081744544,0.7142857142857143,0.6711111111111111,7,1000.0,160,20,45,35,True
BMP,0.3422184291225711,0.41309027781346846,0.5206088590039427,0.10751858119047425,0.41818181818181815,0.6057441253263708,55,1000.0,110,70,30,35,True
BRC,0.4007911531898127,0.3162932585538129,0.5454732617805379,0.229180003226725,0.56,0.6486928104575164,25,1000.0,140,30,20,35,True
BSI,0.41384353714309646,0.33942859205761167,0.5074271396536938,0.16799854759608213,0.4166666666666667,0.6694772344013491,60,1000.0,30,70,50,40,True
BSR,0.47636597938144326,0.3751036844785011,0.6080452060209451,0.23294152154244402,0.4576271186440678,0.6907216494845361,59,187.3817422860385,130,110,50,5,False
BTP,0.37834621485413217,0.30000639106656085,0.5496749954915559,0.249668604424995,0.0,0.6276595744680851,10,1000.0,40,40,15,15,True
BTT,0.2709884704743448,0.47555729921951123,0.5079434205825886,0.032386121363077336,0.3157894736842105,0.5514184397163121,57,1000.0,130,30,60,15,True
BVB,0.3674490824678483,0.2846488053348252,0.5043715923715923,0.21972278703676718,0.6551724137931034,0.6340057636887608,29,1000.0,220,30,15,5,True
BVH,0.45120215535848746,0.38522358569079795,0.5615515005551126,0.17632791486431465,0.36363636363636365,0.6831345826235093,44,1000.0,80,30,30,15,True
BWE,0.38770583496381483,0.5327110718482118,0.5296685565280195,-0.003042515320192285,0.875,0.6431159420289855,16,1000.0,140,290,50,30,True
C32,0.2982088709992635,0.5020553031929249,0.44702852870151355,-0.05502677449141136,0.36363636363636365,0.5948717948717949,44,1000.0,70,20,15,35,True
C47,0.4323419809481501,0.30355521367697047,0.5332389729889317,0.22968375931196128,0.23728813559322035,0.6762886597938145,59,1000.0,100,300,35,15,True
CCI,0.4710187656204721,0.4263628495030933,0.5397949946653839,0.11343214516229067,0.6875,0.7063339731285988,16,1000.0,230,70,30,5,True
CCL,0.4186943949552212,0.6569005313276329,0.5588229917933394,-0.09807753953429355,0.875,0.6563876651982379,8,1000.0,90,160,35,20,True
CDC,0.16920302494302977,0.2408008111526966,0.414335972542015,0.17353516138931838,0.5,0.5333333333333333,60,1000.0,150,20,55,30,True
CHP,0.4731851356243909,0.5306917192881372,0.5834734383219432,0.05278171903380602,0.85,0.696923076923077,20,432.87612810830615,290,160,25,30,False
CIG,0.3946201249974202,0.29147294168304166,0.5027348103101444,0.21126186862710278,0.391304347826087,0.6550218340611353,46,1000.0,240,40,30,35,True
CII,0.44914441911136155,0.6215709506181355,0.5326824763498326,-0.08888847426830293,0.5263157894736842,0.6904761904761905,38,1000.0,60,80,40,40,True
CKG,0.42420782362660087,0.5879567144338937,0.5641576187679944,-0.023799095665899328,0.2,0.6592039800995025,40,1000.0,110,20,55,25,True
CLC,0.40922567809611055,0.45729948717486135,0.5954515594889879,0.13815207231412652,0.68,0.6395348837209303,50,1000.0,150,20,60,15,True
CLL,0.40118234930669583,0.44475124923301057,0.5136358020890788,0.0688845528560682,0.3333333333333333,0.6600719424460432,6,1000.0,300,50,50,10,True
CMG,0.3992579354870717,0.33673513878509365,0.5126629404789317,0.17592780169383804,0.09090909090909091,0.6555772994129159,11,1000.0,120,200,55,30,True
CMV,0.4109547935660663,0.5959311440975008,0.5885883368100515,-0.007342807287449293,0.375,0.6406570841889117,16,1000.0,110,120,35,20,True
CMX,0.4951987805627916,0.4973416801526359,0.5022658193315075,0.004924139178871578,0.5,0.7389937106918238,26,1000.0,240,300,40,15,True
CNG,0.3745449059685186,0.24292878038640842,0.47480173328782876,0.23187295290142035,0.5,0.6486486486486487,32,1000.0,20,50,30,5,True
COM,0.45212692378448255,0.5662626743798912,0.5699006427945396,0.0036379684146483626,1.0,0.6805555555555556,7,432.87612810830615,50,90,50,25,False
CRC,0.4037980610189772,0.5411204733060436,0.5835255022796317,0.04240502897358811,0.5,0.6951219512195121,1,1000.0,100,30,30,25,True
CRE,0.5302474603111273,0.33881590506833803,0.5780550914557847,0.23923918638744668,0.2037037037037037,0.7429378531073446,54,1000.0,240,140,40,20,True
CSM,0.37145467057382775,0.28919633152245694,0.47521836334813466,0.18602203182567772,0.8333333333333334,0.6458852867830424,6,1000.0,250,70,30,5,True
CSV,0.43020998719708164,0.44178133454257273,0.4959054027753127,0.054124068232739964,0.3142857142857143,0.6869565217391305,35,1000.0,300,30,30,30,True
CTD,0.4362818437185494,0.6422111550191432,0.4883679831565558,-0.1538431718625874,0.4,0.6945288753799392,40,1000.0,190,30,45,10,True
CTF,0.33278784731853717,0.3031786823128827,0.45392204318609825,0.15074336087321555,0.5208333333333334,0.622,48,1000.0,230,280,55,15,True
CTG,0.4411020926173649,0.32976484727224975,0.5207863597736002,0.19102151250135047,0.8181818181818182,0.6892265193370166,11,1000.0,40,220,45,35,True
CTI,0.5413222459360975,0.6286906722771485,0.5755194702619304,-0.05317120201521808,1.0,0.7530120481927711,6,432.87612810830615,260,140,25,15,False
CTR,0.47525673233260896,0.367402829533408,0.5897308138823699,0.2223279843489619,0.3333333333333333,0.6932203389830508,54,1000.0,70,30,50,30,True
CTS,0.4727626530215126,0.5810500611002634,0.5452461847925875,-0.0358038763076759,0.5294117647058824,0.7059701492537314,51,1000.0,160,140,15,25,True
CVT,0.4942406280990074,0.6132649938137668,0.6406913109881567,0.027426317174389925,0.5116279069767442,0.7073732718894009,43,187.3817422860385,120,290,50,25,False
D2D,0.5493789144050104,0.3899026041327424,0.6146506279621843,0.22474802382944187,0.22727272727272727,0.7515657620041754,22,1000.0,90,20,60,20,True
DAH,0.39554963241022073,0.40951155063918704,0.4301240810255516,0.02061253038636457,0.03333333333333333,0.68,30,1000.0,260,300,60,40,True
DAT,0.2715588020223137,0.25129447901858587,0.4229377027302028,0.17164322371161694,0.5,0.5790697674418605,16,1000.0,90,80,15,10,True
DBC,0.42640805799841225,0.2555824823477932,0.4983464659353652,0.242763983587572,0.21428571428571427,0.6829745596868885,56,1000.0,300,30,25,20,True
DBD,0.42214613785664334,0.27626349437124825,0.5091186420547974,0.23285514768354915,0.6153846153846154,0.6778761061946903,13,1000.0,240,250,45,40,True
DBT,0.38258938122215186,0.49511200875902983,0.5495938619112102,0.05448185315218035,0.5660377358490566,0.6319444444444444,53,1000.0,200,260,35,20,True
DC4,0.42580802603036877,0.5205152666735978,0.6379241715252191,0.11740890485162125,0.3541666666666667,0.648590021691974,48,187.3817422860385,80,20,40,25,False
DCL,0.33497886890568584,0.21505117785679378,0.45720401310729497,0.24215283525050119,0.0,0.6205533596837944,9,1000.0,160,210,60,30,True
DCM,0.4519301729347042,0.4722424216869807,0.5214959076566875,0.0492534859697068,0.26666666666666666,0.696526508226691,30,1000.0,20,220,60,10,True
DGC,0.5125643097722355,0.32179991641169203,0.5453138266958337,0.2235139102841417,0.5,0.8144927536231884,0,1000.0,300,20,15,20,True
DGW,0.4792888607514248,0.544316939287608,0.5277050001114103,-0.016611939176197743,0.7619047619047619,0.7172557172557172,21,1000.0,30,80,40,40,True
DHA,0.42261696299278795,0.5101176173875347,0.5809778367302714,0.07086021934273667,0.8888888888888888,0.6524701873935264,18,1000.0,60,80,15,35,True
DHC,0.44624214404434476,0.7377865327199088,0.5360315716230175,-0.20175496109689128,0.9,0.687374749498998,30,1000.0,70,250,40,20,True
DHG,0.35098100687897654,0.5878705685253528,0.5237600007774097,-0.0641105677479431,0.625,0.6142857142857143,16,1000.0,120,70,40,40,True
DHM,0.3063296395816615,0.43335728794271333,0.5177412869407899,0.08438399899807658,0.6,0.5775862068965517,20,1000.0,60,230,15,5,True
DIG,0.5189601189330458,0.5444571454795644,0.5435228185790734,-0.0009343269004910004,0.3333333333333333,0.7450424929178471,9,1000.0,300,190,45,20,True
DLG,0.3197071403332281,0.19688491333749306,0.44544478193954207,0.248559868602049,0.18181818181818182,0.6116910229645094,11,1000.0,300,220,50,5,True
DMC,0.3238217665455331,0.26624423163035804,0.515233042562299,0.24898881093194092,0.5405405405405406,0.5940099833610649,37,1000.0,190,30,15,25,True
DPG,0.46285817559664283,0.6612628623419246,0.5581386171617516,-0.10312424518017294,0.7272727272727273,0.6934189406099518,11,1000.0,60,210,45,30,True
DPM,0.483890113504014,0.3287622685625292,0.5605405011513392,0.23177823258881003,0.42105263157894735,0.7101449275362319,38,1000.0,120,20,55,35,True
DPR,0.42971581735566244,0.33576435381135816,0.5383992865077085,0.20263493269635036,0.25,0.6734375,60,1000.0,140,170,15,20,True
DQC,0.33714281859532996,0.3330004501079539,0.4504608371020434,0.11746038699408945,0.5555555555555556,0.6245487364620939,9,1000.0,130,230,55,15,True
DRC,0.5147179375816491,0.5237474315719207,0.5936748585301271,0.06992742695820642,0.6666666666666666,0.7254004576659039,6,1000.0,60,80,40,40,True
DRH,0.3649125093686189,0.6343297291902548,0.4853034253202816,-0.14902630386997318,0.43902439024390244,0.6360759493670886,41,1000.0,250,210,40,20,True
DRL,0.5018023789479675,0.5461080921604511,0.6383432339611027,0.09223514180065162,0.3333333333333333,0.7159090909090909,12,187.3817422860385,110,100,55,20,False
DSC,0.33702379326905135,0.3442301058321973,0.45469953552864917,0.11046942969645185,0.3220338983050847,0.6230366492146597,59,1000.0,300,110,40,30,True
DSN,0.3620204988784711,0.27911891749710616,0.4677189206875528,0.18860000319044662,0.3902439024390244,0.6435845213849287,41,1000.0,100,90,55,20,True
DTA,0.4152397719099496,0.3367941156356862,0.5107287401197015,0.1739346244840153,0.5217391304347826,0.6695402298850575,23,1000.0,190,90,35,35,True
DTL,0.4232204719786293,0.3905633819600116,0.5370910126215672,0.1465276306615556,0.5,0.7296416938110749,0,1000.0,110,170,50,15,True
DTT,0.203274499746524,0.17895207070842314,0.5587218405735219,0.3797697698650988,0.4523809523809524,0.55,42,1000.0,80,20,40,35,True
DVP,0.3983421586054436,0.2452734226603276,0.4874901632387978,0.2422167405784702,0.7547169811320755,0.6661849710982659,53,1000.0,300,300,20,20,True
DXG,0.4785475591841441,0.6391339187315932,0.5482071332544778,-0.09092678547711541,0.38235294117647056,0.7098039215686275,34,1000.0,110,90,30,35,True
DXS,0.44731599458797167,0.3528241575958223,0.5566583398146976,0.20383418221887528,0.2608695652173913,0.6809605488850772,23,1000.0,180,50,35,20,True
DXV,0.4538776080238318,0.4454169562960504,0.5746396722334927,0.12922271593744228,0.2,0.6804347826086956,15,187.3817422860385,300,30,60,35,False
EIB,0.4973003121457814,0.47926646635891984,0.5937587308944887,0.11449226453556888,0.1891891891891892,0.7102473498233216,37,432.87612810830615,110,200,45,30,False
ELC,0.375619844245429,0.3107038012892091,0.5044580264551566,0.19375422516594748,0.7083333333333334,0.6386138613861386,24,1000.0,40,240,60,35,True
EVE,0.3970879379161536,0.33002470421235697,0.5242413256975854,0.19421662148522845,0.2,0.6511111111111111,55,1000.0,90,270,60,15,True
EVF,0.31625866173086997,0.6706241692323218,0.5038753646912381,-0.16674880454108376,0.5,0.6358490566037736,0,1000.0,180,130,60,25,True
EVG,0.3973284818472697,0.39557299980196226,0.496353382835996,0.10078038303403375,0.10909090909090909,0.6594059405940594,55,1000.0,160,220,45,40,True
FCM,0.3879224896854821,0.598121748574116,0.47431203816719375,-0.12380971040692229,0.15384615384615385,0.6589147286821705,13,1000.0,180,300,55,10,True
FCN,0.416394579166033,0.42536431783960427,0.5492074022719289,0.12384308443232461,0.3333333333333333,0.6576763485477178,18,432.87612810830615,200,140,50,20,False
FDC,0.18662336139499372,0.2516136398712303,0.47762165705396614,0.22600801718273583,0.5217391304347826,0.5289421157684631,46,1000.0,280,110,30,20,True
FIR,0.46777799337792053,0.29468632343110335,0.5346235548733727,0.2399372314422693,0.13157894736842105,0.7053571428571429,38,1000.0,160,140,45,10,True
FIT,0.43785508491473857,0.42985363098167734,0.595242550996524,0.16538892001484667,0.1836734693877551,0.6602150537634408,49,187.3817422860385,290,180,35,5,False
FMC,0.4603153743780333,0.5219439739209186,0.5045215406919383,-0.017422433228980294,0.42857142857142855,0.7108433734939759,7,1000.0,290,180,50,5,True
FPT,0.5073800809761019,0.32603302651940097,0.564117237665913,0.23808421114651207,0.5,0.7291666666666666,22,1000.0,240,220,60,20,True
FRT,0.404748201406486,0.2985456602278961,0.4866584679750195,0.1881128077471234,1.0,0.6688206785137318,7,1000.0,160,150,35,5,True
FTS,0.4458572288343995,0.28712740270052317,0.527931907037455,0.2408045043369318,0.35,0.6893203883495146,20,1000.0,90,260,25,30,True
GAS,0.32720834642069774,0.2575513307637671,0.4102800681680079,0.1527287374042408,0.40476190476190477,0.6317757009345795,42,1000.0,100,180,40,35,True
GDT,0.5059448175919073,0.6098064535220672,0.6028208227853388,-0.006985630736728421,0.3333333333333333,0.7162162162162162,6,1000.0,210,160,60,15,True
GEG,0.34762752849321393,0.2736280775431567,0.5050748764508474,0.23144679890769065,0.5416666666666666,0.616600790513834,48,1000.0,70,40,25,25,True
GEX,0.47916314020724277,0.4706271559879865,0.589700981508522,0.11907382552053553,0.35185185185185186,0.6964856230031949,54,1000.0,300,20,60,40,True
GHC,0.3431021133235123,0.4256608762350594,0.44564860042003035,0.019987724184970967,0.35294117647058826,0.6355140186915887,17,187.3817422860385,290,20,30,10,False
GIL,0.5092487079415565,0.5105360115651033,0.5393458631181404,0.028809851553037058,0.3548387096774194,0.7383419689119171,31,1000.0,130,270,30,40,True
GMD,0.4252702577454512,0.37762689713539405,0.5480112932296745,0.1703843960942804,0.5208333333333334,0.6666666666666666,48,1000.0,70,20,30,30,True
GMH,0.3997854901059375,0.30567786039058936,0.5189135312272802,0.21323567083669087,0.41379310344827586,0.6561085972850679,29,1000.0,120,70,15,10,True
GSP,0.42973378980259364,0.3615882493750245,0.5156645229053005,0.15407627353027603,0.3684210526315789,0.6816720257234726,19,1000.0,120,270,45,40,True
GTA,0.3045714792031661,0.30528701184154644,0.45432871461966906,0.14904170277812262,0.2222222222222222,0.597872340425532,9,1000.0,140,140,60,20,True
GVR,0.41103874645971833,0.4731123565031347,0.49936819316351394,0.026255836660379228,0.76,0.669826224328594,25,1000.0,40,250,15,25,True
HAG,0.4439319231327235,0.5665548119703444,0.5169418767973261,-0.04961293517301835,0.23076923076923078,0.6913793103448276,13,1000.0,280,30,25,15,True
HAH,0.42385243346659135,0.37361024531719567,0.5115985067997142,0.13798826148251853,0.3617021276595745,0.6764275256222547,47,1000.0,50,120,55,10,True
HAP,0.45074011299404565,0.4035992624466345,0.5815600870636636,0.17796082461702906,0.8,0.676271186440678,15,1000.0,210,70,55,35,True
HAR,0.39540384948239365,0.28476005668553556,0.5154327006290609,0.23067264394352532,0.038461538461538464,0.6514423076923077,26,1000.0,130,190,45,20,True
HAS,0.30891827147209405,0.39875892362635296,0.4715689201478546,0.07280999652150166,0.5294117647058824,0.5942982456140351,34,1000.0,110,250,40,10,True
HAX,0.4832210854881435,0.5763237052905504,0.5764622467942887,0.00013854150373826535,0.34782608695652173,0.7042801556420234,46,1000.0,180,30,35,30,True
HCD,0.3746274148051753,0.5401392798619443,0.532255156731248,-0.007884123130696308,0.16,0.6285211267605634,50,1000.0,210,20,50,10,True
HCM,0.44906005770918783,0.4110615560497166,0.4806909752185281,0.06962941916881149,0.5166666666666667,0.7077363896848138,60,1000.0,170,40,25,35,True
HDB,0.44331795718761763,0.5990686284666298,0.5494645630416867,-0.04960406542494311,0.8333333333333334,0.6815114709851552,30,1000.0,140,140,45,35,True
HDC,0.49800916496945014,0.5865219016951224,0.6288439898716115,0.04232208817648908,0.29545454545454547,0.7087576374745418,44,432.87612810830615,170,300,50,25,False
HDG,0.4823555973558513,0.7494008421415954,0.5502342314848663,-0.19916661065672914,0.24444444444444444,0.7123015873015873,45,1000.0,20,90,55,40,True
HHP,0.33536279140097597,0.25321035703593714,0.5028108530837427,0.2496004960478056,0.6041666666666666,0.6073211314475874,48,1000.0,220,70,55,30,True
HHS,0.5518478260869565,0.5884221227442973,0.6130104186074377,0.024588295863140375,0.4117647058823529,0.7536231884057971,17,1000.0,160,290,30,10,True
HHV,0.4724014763793884,0.30021169048476326,0.5360941362174876,0.23588244573272432,0.2564102564102564,0.7087198515769945,39,1000.0,20,110,60,30,True
HID,0.29705530603600827,0.7444301067652994,0.48600280253495465,-0.25842730423034477,0.625,0.579295154185022,8,1000.0,100,170,35,15,True
HII,0.367451159141998,0.2907937328728277,0.4613185758210965,0.17052484294826875,0.5925925925925926,0.6461864406779662,54,1000.0,90,20,30,25,True
HMC,0.390544818999699,0.4593456461129559,0.5539166484036225,0.09457100229066662,1.0,0.63718820861678,11,187.3817422860385,270,280,40,40,False
HNA,0.42385829155745464,0.6108464912487674,0.5320656510103747,-0.07878084023839271,0.43243243243243246,0.6718213058419243,37,81.11308307896873,260,140,15,15,False
HPG,0.38023136070160907,0.2683847507104696,0.5111162259976167,0.24273147528714717,0.16666666666666666,0.6415711947626841,30,1000.0,130,170,50,15,True
HPX,0.16383712772772938,0.6473309086112212,0.4201751215703578,-0.22715578704086342,0.3684210526315789,0.5243553008595988,57,1000.0,100,170,35,15,True
HQC,0.5117508172441922,0.4743377475842589,0.5882132500070324,0.1138755024227735,0.25,0.7241379310344828,40,1000.0,40,170,60,15,True
HRC,0.27666072058414415,0.49386734850613717,0.4145125397153939,-0.07935480879074325,0.2,0.5861297539149888,60,1000.0,290,290,55,20,True
HSG,0.4491442601404747,0.29952214761615326,0.5349517718465137,0.2354296242303604,0.2857142857142857,0.6897196261682244,28,1000.0,200,20,30,40,True
HSL,0.3980584622443893,0.27670141184062325,0.48071581003861885,0.2040143981979956,0.7209302325581395,0.6652267818574514,43,1000.0,120,160,55,10,True
HT1,0.5012723361976359,0.3498114389214208,0.5978994751804367,0.24808803625901593,0.7272727272727273,0.7121771217712177,11,1000.0,150,30,20,30,True
HTG,0.2960964747619854,0.3383426932215696,0.3978298814087097,0.05948718818714005,0.6296296296296297,0.6105960264900663,27,1000.0,50,130,40,30,True
HTI,0.28784903780249343,0.4037923101074687,0.40392119893592554,0.00012888882845685234,0.25,0.6029593094944513,44,1000.0,190,240,35,20,True
HTL,0.3644667858492819,0.5079869694473177,0.48943188999633885,-0.01855507945097884,0.4727272727272727,0.6343283582089553,55,1000.0,220,160,30,40,True
HTN,0.5323920863309352,0.5988917193943207,0.6185345103988407,0.019642791004519933,0.8461538461538461,0.737410071942446,13,1000.0,150,30,60,20,True
HTV,0.35737682307827173,0.36499317862146247,0.5018486192628965,0.136855440641434,0.4107142857142857,0.6267857142857143,56,432.87612810830615,250,30,50,30,False
HU1,0.45949271329765534,0.3633948732551535,0.5834230787906969,0.22002820553554336,0.44,0.6821862348178138,25,1000.0,220,200,60,30,True
HUB,0.4234881300261363,0.47840150575467777,0.5044285986293923,0.026027092874714497,0.14285714285714285,0.6795180722891566,7,1000.0,250,20,30,30,True
HVH,0.3235184966902525,0.40727333041623065,0.49839063157484853,0.09111730115861788,0.29411764705882354,0.5974235104669887,17,1000.0,200,30,30,5,True
HVN,0.45066675563474884,0.6263053500807048,0.5543796041920345,-0.07192574588867029,1.0,0.6845124282982792,7,1000.0,250,220,45,35,True
ICT,0.3195194267639307,0.3517805104759063,0.5120724827651212,0.16029197228921488,0.7142857142857143,0.5904255319148937,21,1000.0,110,80,60,20,True
IDI,0.5197131464358847,0.538583080688195,0.5262471518039976,-0.012335928884197433,0.2903225806451613,0.7514285714285714,31,1000.0,70,260,60,20,True
IJC,0.5252482092640224,0.4476235444816206,0.5780964332242957,0.1304728887426751,0.5263157894736842,0.7387580299785867,19,1000.0,240,160,15,30,True
ILB,0.3579765443116453,0.3427485375991617,0.4930793221422215,0.15033078454305981,0.5517241379310345,0.6299810246679317,29,1000.0,20,280,60,40,True
IMP,0.4454617464998962,0.5705587972498071,0.5695656678358013,-0.0009931294140057556,0.5,0.6761006289308176,8,1000.0,130,290,50,15,True
ITC,0.38147801229059597,0.6054520951074016,0.5080769862113865,-0.09737510889601508,0.18604651162790697,0.6422893481717011,43,1000.0,60,30,20,5,True
ITD,0.32422640315733253,0.3940856325280205,0.5046694512530725,0.11058381872505202,0.6,0.5957820738137083,10,1000.0,30,280,60,25,True
JVC,0.4197106099811435,0.32122404543336075,0.5532537976801316,0.23202975224677086,0.14814814814814814,0.6590909090909091,54,1000.0,100,260,35,10,True
KBC,0.4382336395625516,0.5153870374452866,0.5299909217169697,0.014603884271683132,0.2857142857142857,0.6822810590631364,42,1000.0,230,210,35,25,True
KDC,0.3350116430095047,0.21311062381930018,0.4540132986299826,0.2409026748106824,0.47058823529411764,0.6246786632390745,34,1000.0,20,80,50,25,True
KDH,0.4215311975620138,0.5076965903324596,0.5476896856315608,0.03999309529910122,0.23333333333333334,0.6629213483146067,60,1000.0,130,200,60,10,True
KHG,0.3627625826715148,0.2701706543991457,0.5109894702376975,0.24081881583855175,0.5,0.6790697674418604,0,1000.0,240,130,60,40,True
KHP,0.4574926483118081,0.3109184449608094,0.5458270650486797,0.23490862008787033,0.6086956521739131,0.693516699410609,23,1000.0,170,20,55,20,True
KLB,0.31604247223878335,0.18726659693355324,0.4166924061934876,0.22942580925993433,0.5161290322580645,0.6182212581344902,31,1000.0,300,280,30,35,True
KMR,0.31850455992547927,0.713150379043946,0.48441922659774617,-0.2287311524461998,0.17543859649122806,0.599406528189911,57,1000.0,50,270,15,25,True
KOS,0.5413018240279148,0.5334926521717401,0.606381138649727,0.07288848647798685,0.11666666666666667,0.7491525423728813,60,1000.0,110,60,55,25,True
KSB,0.5127137291278131,0.5562515996552136,0.5443611041463144,-0.011890495508899201,0.34146341463414637,0.7395577395577395,41,1000.0,300,30,55,15,True
L10,0.37577076395394765,0.5946311904869614,0.569156337434064,-0.025474853052897428,1.0,0.6171735241502684,7,1000.0,120,50,60,5,True
LAF,0.4174882189432115,0.2744857777196684,0.5129734870389271,0.23848770931925867,0.35,0.6716417910447762,20,1000.0,160,20,55,35,True
LBM,0.40259125547937313,0.32614423059618985,0.5469632815317845,0.22081905093559467,0.21428571428571427,0.648854961832061,14,1000.0,300,20,25,20,True
LCG,0.5064705083684701,0.48965513609831146,0.5460839890419809,0.056428852943669394,0.25,0.7337807606263982,12,1000.0,220,110,20,35,True
LDG,0.37144967267163387,0.2923393222400168,0.5308419236145685,0.2385026013745517,0.16666666666666666,0.6263440860215054,12,432.87612810830615,290,60,15,40,False
LGL,0.3271562215042012,0.32817971804335705,0.46304096869826217,0.13486125065490512,0.5217391304347826,0.6120331950207469,46,1000.0,150,60,40,10,True
LHG,0.45361389782843153,0.5118689099041951,0.5253181421548304,0.013449232250635323,0.4339622641509434,0.6967509025270758,53,1000.0,260,300,60,10,True
LIX,0.46089027849718184,0.42027121079991653,0.5668764133677935,0.14660520256787696,0.0847457627118644,0.6912,59,1000.0,120,270,45,40,True
LM8,0.3490587761421885,0.46003434934667226,0.5909587099714979,0.13092436062482565,0.8260869565217391,0.5876460767946577,23,432.87612810830615,100,40,45,20,False
LPB,0.4831702061844413,0.7052420972588264,0.5452264708751161,-0.16001562638371025,0.5416666666666666,0.7146496815286624,48,1000.0,70,150,15,30,True
LSS,0.3582520469776965,0.6817464065027563,0.4791894184786113,-0.202556988024145,0.32,0.6327272727272727,50,1000.0,140,270,35,40,True
MBB,0.4790915254662487,0.4875162264218555,0.537235497091584,0.04971927066972853,0.5517241379310345,0.7147239263803681,29,1000.0,60,40,30,35,True
MCH,0.3737994143603969,0.3033956917674328,0.47174853590099214,0.16835284413355933,0.8333333333333334,0.648,6,1000.0,280,250,25,15,True
MCM,0.34256361293515414,0.6052123921720446,0.4764912771274465,-0.1287211150445981,0.3620689655172414,0.6228287841191067,58,1000.0,20,150,25,20,True
MCP,0.39680823877105476,0.48592200761582216,0.5558751509693023,0.06995314335348013,0.4897959183673469,0.6394557823129252,49,1000.0,100,100,20,30,True
MDG,0.3785769230769231,0.49496710837038027,0.6042817888954257,0.10931468052504545,0.4857142857142857,0.6092307692307692,35,1000.0,110,100,60,10,True
MHC,0.3846759006919868,0.41103941551100415,0.545236202669424,0.13419678715841982,0.2222222222222222,0.6325678496868476,54,1000.0,100,230,40,30,True
MIG,0.38608996531326817,0.5485899229897123,0.528556250194804,-0.020033672794908308,0.2542372881355932,0.6408094435075885,59,1000.0,30,180,45,30,True
MSB,0.40733727294797833,0.3699656195951343,0.5720095911484768,0.20204397155334253,0.5166666666666667,0.6441893830703013,60,1000.0,220,120,60,35,True
MSH,0.3992446390010583,0.28104014967068935,0.5070617693540127,0.22602161968332335,0.25925925925925924,0.6581875993640699,54,1000.0,50,100,50,40,True
MSN,0.45440306886995896,0.6652762591292987,0.47534412840811996,-0.1899321307211787,0.46153846153846156,0.7146401985111662,26,1000.0,30,260,45,35,True
MWG,0.5407265231058477,0.34990654177128533,0.5887054055089802,0.23879886373769488,1.0,0.7481203007518797,9,1000.0,230,130,40,15,True
NAB,0.3748675747884006,0.6761652286048744,0.4786018290346092,-0.1975633995702652,0.3050847457627119,0.64822695035461,59,1000.0,260,210,40,30,True
NAF,0.4942952594092824,0.41926790453783536,0.5860357675708248,0.1667678630329894,0.2542372881355932,0.7103174603174603,59,1000.0,80,30,25,20,True
NAV,0.4762858714214083,0.4169236037932815,0.6106092403140976,0.19368563652081605,0.5652173913043478,0.6915887850467289,23,432.87612810830615,160,50,15,40,False
NBB,0.41502906364314307,0.7393760721184588,0.4926788682581846,-0.24669720386027422,0.8,0.6753812636165577,20,1000.0,270,190,40,20,True
NCT,0.4576877883397882,0.8396477897336249,0.5405085260241166,-0.2991392637095083,0.4444444444444444,0.6987577639751553,54,1000.0,190,30,15,25,True
NHA,0.4155864515028023,0.5273285519044042,0.5327161287570059,0.0053875768526017165,0.15789473684210525,0.6625,19,1000.0,130,90,20,20,True
NHH,0.39011692217861255,0.5049094821050957,0.5315952434216924,0.026685761316596723,0.3541666666666667,0.6417910447761194,48,1000.0,40,200,50,30,True
NHT,0.3314924098300918,0.6382154734873188,0.49688973047851065,-0.14132574300880812,0.8888888888888888,0.6066350710900474,9,1000.0,290,70,50,10,True
NKG,0.48264047770947366,0.3869358781408721,0.5519064938128546,0.1649706156719825,0.7142857142857143,0.7119815668202765,7,1000.0,260,80,20,10,True
NLG,0.43313421021766735,0.3046279644861011,0.5183189351551521,0.21369097066905107,0.34782608695652173,0.6819221967963387,23,1000.0,230,160,50,30,True
NNC,0.4176862150173756,0.4504147717050387,0.5302102724667477,0.07979550076170899,0.34615384615384615,0.6652173913043479,52,1000.0,60,220,35,35,True
NSC,0.37525736393854814,0.4335983004775106,0.4965173029912764,0.06291900251376581,0.35294117647058826,0.6447638603696099,34,1000.0,70,260,60,35,True
NT2,0.451814186192089,0.3887385521472423,0.5482708310233929,0.15953227887615062,0.3617021276595745,0.6886446886446886,47,1000.0,40,80,55,30,True
NTC,0.2775827184179884,0.6205924933425068,0.3555990274673898,-0.26499346587511696,0.0,0.6082089552238806,8,1000.0,300,220,20,15,True
NTL,0.4765428802572565,0.5359952596231581,0.5438943293560123,0.007899069732854258,0.029411764705882353,0.7095709570957096,34,1000.0,50,180,45,20,True
NVL,0.41381389676718155,0.4450676106237694,0.5228269954390804,0.07775938481531097,0.6296296296296297,0.6643192488262911,27,1000.0,30,210,45,30,True
NVT,0.4022362577753927,0.3926580696717529,0.5227150839003651,0.13005701422861227,0.7142857142857143,0.6547085201793722,7,1000.0,300,300,60,40,True
OCB,0.37316119543327597,0.3064995931653944,0.5189326161669692,0.2124330230015748,0.5283018867924528,0.6331658291457286,53,1000.0,80,100,25,20,True
OGC,0.48621700812531266,0.32272987765522304,0.568996993156732,0.24626711550150898,0.29411764705882354,0.7092651757188498,34,1000.0,200,60,15,25,True
OPC,0.35871562200185525,0.4331632520779334,0.5374708634376737,0.10430761135974032,0.6666666666666666,0.6171328671328671,24,1000.0,100,30,25,15,True
ORS,0.46277945955326544,0.3003043642673241,0.5145427349046691,0.21423837063734497,0.8333333333333334,0.7078853046594982,6,1000.0,300,70,25,20,True
PAC,0.27361521185015475,0.42347569873326757,0.42502828936564646,0.0015525906323788918,0.2,0.5800865800865801,15,1000.0,160,230,20,15,True
PAN,0.5076017464419602,0.4690723063538772,0.5286937619101143,0.0596214555562371,0.22807017543859648,0.7406807131280388,57,1000.0,40,160,60,30,True
PC1,0.44746704667467824,0.4771894962133661,0.5309520994453162,0.05376260323195009,0.5161290322580645,0.6896551724137931,31,1000.0,120,170,55,30,True
PDN,0.38589563694412005,0.5600872734656547,0.545127023394783,-0.01496025007087165,0.20689655172413793,0.6336206896551724,58,432.87612810830615,190,300,20,15,False
PDR,0.4032969616375545,0.5263670213018615,0.5435464581479401,0.01717943684607859,0.5384615384615384,0.6486486486486487,13,432.87612810830615,280,150,20,35,False
PDV,0.23512231548664259,0.12536816535524473,0.3451742527070944,0.21980608735184967,0.03571428571428571,0.5773195876288659,28,1000.0,70,170,50,5,True
PET,0.45793006853962454,0.48758744582742575,0.5590648620707108,0.07147741624328507,0.65,0.6890034364261168,20,187.3817422860385,190,200,15,20,False
PGC,0.3106170402196567,0.2091733606171033,0.4237346860310355,0.2145613254139322,0.7272727272727273,0.6153846153846154,11,1000.0,250,60,45,35,True
PGD,0.36980018967651856,0.22859920026887345,0.47346722655894363,0.24486802629007018,0.3469387755102041,0.6458797327394209,49,1000.0,220,230,45,10,True
PGI,0.29646066247027814,0.372348062990377,0.5120743336600695,0.1397262706696925,0.4864864864864865,0.5736263736263736,37,1000.0,290,120,45,15,True
PGV,0.45259511100486904,0.3499033088562037,0.5697842774147736,0.21988096855856987,0.9,0.6815144766146993,10,1000.0,20,50,50,35,True
PHC,0.3538086768623869,0.346284838496446,0.4216927447875462,0.07540790629110022,0.1111111111111111,0.6480263157894737,27,1000.0,240,220,50,5,True
PHR,0.5047472798934286,0.3716293941864293,0.5641708313125188,0.19254143712608945,0.4074074074074074,0.7263157894736842,54,1000.0,60,130,25,40,True
PIT,0.3484332157111888,0.3026829864882547,0.4917269786719114,0.1890439921836567,0.6190476190476191,0.6202020202020202,21,1000.0,220,230,30,30,True
PJT,0.45491790208958444,0.4508392183236236,0.6145100971976948,0.16367087887407117,0.6216216216216216,0.6736242884250474,37,432.87612810830615,80,20,40,25,False
PLP,0.37249750237754997,0.2400532534650703,0.4864794361348057,0.2464261826697354,0.5,0.6420047732696897,10,1000.0,20,230,30,35,True
PLX,0.40018152210213004,0.5275234977646276,0.5177569361851163,-0.00976656157951128,0.32727272727272727,0.6546489563567363,55,1000.0,150,280,15,15,True
PMG,0.3902841391478978,0.6122041286390699,0.5632510203209374,-0.04895310831813249,0.7142857142857143,0.631236442516269,7,1000.0,70,70,50,5,True
PNC,0.3363491347499075,0.5701199590818252,0.537256368032039,-0.0328635910497862,0.18181818181818182,0.5949554896142433,44,1000.0,60,300,20,5,True
PNJ,0.42687882365701735,0.5080289117422836,0.5533705348031097,0.04534162306082612,0.5833333333333334,0.6666666666666666,24,1000.0,280,110,30,25,True
POW,0.37114945688603,0.36601310788003083,0.5035890243052343,0.1375759164252035,0.3793103448275862,0.636518771331058,58,1000.0,300,110,40,20,True
PPC,0.3600566773967558,0.2831449372702443,0.49245112579161926,0.20930618852137495,0.21739130434782608,0.631578947368421,46,1000.0,200,160,50,40,True
PTB,0.4528931638603741,0.6586748829243203,0.5633885725376948,-0.0952863103866255,0.26785714285714285,0.68389662027833,56,1000.0,30,60,55,40,True
PTC,0.35103072106347327,0.2257616511570832,0.47393471632774803,0.24817306517066484,0.3333333333333333,0.6282973621103117,6,1000.0,260,50,20,30,True
PTL,0.3189026614402274,0.2860651206212702,0.5269971693735774,0.24093204875230723,0.5,0.6307339449541285,0,1000.0,150,240,30,35,True
PVD,0.5023997536374452,0.4958587201826202,0.5879205250332102,0.09206180485059001,0.7586206896551724,0.7164429530201343,29,1000.0,90,60,60,35,True
PVP,0.34104757146863574,0.5646863117157087,0.4577922846168271,-0.10689402709888163,0.5106382978723404,0.6265560165975104,47,1000.0,30,60,55,35,True
PVT,0.3673787863644998,0.31862508383091037,0.4370888598659076,0.11846377603499725,0.5625,0.6547231270358306,32,1000.0,260,300,35,25,True
QCG,0.37954577199269796,0.37361024531719567,0.5210235208908358,0.14741327557364015,0.35714285714285715,0.6363636363636364,42,1000.0,110,20,15,35,True
RAL,0.4308082819734115,0.5462098606219874,0.5490609936797087,0.0028511330577213334,0.3235294117647059,0.670995670995671,34,1000.0,40,150,55,10,True
REE,0.4753336528643472,0.5294339262010958,0.5731718285151884,0.04373790231409269,0.3076923076923077,0.7007168458781362,26,1000.0,40,190,60,10,True
S4A,0.47879578325745203,0.41125924378605944,0.6453465127044467,0.23408726891838721,0.4594594594594595,0.6949740034662045,37,187.3817422860385,130,180,40,35,False
SAB,0.39392984377070794,0.4038480517295156,0.5730146062849504,0.16916655455543478,0.5714285714285714,0.6331877729257642,42,432.87612810830615,190,20,60,40,False
SAM,0.401328367839277,0.6024746649536327,0.5144216658668492,-0.08805299908678343,0.3333333333333333,0.6567164179104478,60,1000.0,130,50,60,15,True
SAV,0.32183312541781356,0.48632322505825776,0.48853864588250107,0.0022154208242433082,0.35,0.5992292870905588,60,1000.0,80,300,20,25,True
SBA,0.3328876706263078,0.3610030135162154,0.5064511792638396,0.14544816574762426,0.016666666666666666,0.6058588548601864,60,1000.0,90,150,45,30,True
SBT,0.5118510054844606,0.39461700721896226,0.6255146731180278,0.23089766589906552,0.5,0.720292504570384,50,1000.0,140,150,50,30,True
SBV,0.456161108991357,0.5278190610047667,0.6016278814478754,0.07380882044310866,0.6842105263157895,0.6768802228412256,19,432.87612810830615,90,200,25,20,False
SC5,0.3736524067751361,0.4580393812556995,0.5223519072846807,0.06431252602898124,0.7037037037037037,0.6313799621928167,27,1000.0,290,50,25,5,True
SCR,0.5358874251532164,0.4377352113506374,0.5853916398061181,0.14765642845548066,0.3333333333333333,0.7451923076923077,6,1000.0,170,90,45,25,True
SCS,0.49763519249728294,0.7614305571601356,0.5767554409985248,-0.1846751161616108,0.4666666666666667,0.7182448036951501,15,1000.0,50,270,15,40,True
SFC,0.3953704316402717,0.4679901907035172,0.5867659985459253,0.11877580784240804,1.0,0.6279863481228669,7,1000.0,140,70,60,30,True
SFG,0.3512927599837798,0.32558845794086977,0.5433862001385311,0.21779774219766135,0.4117647058823529,0.6054852320675106,34,432.87612810830615,30,30,50,15,False
SFI,0.33748651309500105,0.5528182547547066,0.48940104116617983,-0.06341721358852676,0.40625,0.6147110332749562,32,1000.0,100,240,20,10,True
SGN,0.42321283776592583,0.5290847532432637,0.5589009022400008,0.029816148996737124,0.5,0.7244444444444444,0,1000.0,210,160,15,5,True
SGR,0.4221266446730169,0.3847503197209883,0.5155875907035213,0.13083727098253306,0.5714285714285714,0.6736596736596736,7,1000.0,20,160,15,20,True
SGT,0.3084834844752924,0.5134990001345119,0.5261928810777265,0.012693880943214664,0.041666666666666664,0.5759368836291914,24,1000.0,110,280,55,10,True
SHA,0.42678993631827744,0.48509182341058915,0.4757021966826503,-0.00938962672793886,0.47368421052631576,0.6934523809523809,38,1000.0,240,170,35,35,True
SHB,0.417094918474013,0.3323136649685145,0.5773853544374595,0.24507168946894503,0.2,0.6488673139158576,60,1000.0,160,50,55,40,True
SHI,0.2653350624852695,0.30017378361627395,0.4881769653985383,0.18800318178226433,0.26666666666666666,0.5557404326123128,45,1000.0,50,60,60,25,True
SHP,0.4643244349943427,0.3698908382150403,0.5724668712677389,0.20257603305269856,0.1951219512195122,0.6941031941031941,41,432.87612810830615,30,290,60,10,False
SIP,0.43183965185368284,0.5173378346127989,0.5282909900993233,0.010953155486524424,0.42857142857142855,0.6775193798449612,35,1000.0,150,70,60,20,True
SJD,0.3506499006674228,0.4473953678011233,0.48024870835832034,0.03285334055719702,0.19298245614035087,0.629695885509839,57,1000.0,80,30,35,40,True
SJS,0.29707951649948056,0.5292084102013148,0.4358693210500257,-0.09333908915128913,0.43333333333333335,0.5960264900662252,30,1000.0,120,230,50,25,True
SKG,0.5245919052011538,0.327467057757206,0.5306976774413873,0.20323061968418127,0.16666666666666666,0.7540106951871658,60,1000.0,140,180,50,25,True
SMA,0.367881694917178,0.30569800994386376,0.5443299178737071,0.23863190792984335,0.10909090909090909,0.6188747731397459,55,1000.0,110,200,45,35,True
SMB,0.38800639735929104,0.33688869659417175,0.536444776208642,0.1995560796144702,0.4642857142857143,0.6424242424242425,56,1000.0,140,230,60,5,True
SMC,0.37741237034421266,0.38709471912174565,0.4919315610692429,0.10483684194749726,0.42105263157894735,0.6442831215970962,19,1000.0,300,210,45,15,True
SPM,0.3186768678154791,0.042017514187991656,0.6378996678241399,0.5958821536361483,0.32142857142857145,0.6745283018867925,28,432.87612810830615,30,20,40,30,False
SRC,0.4344366315586931,0.506467271178232,0.5890444169601717,0.08257714578193975,0.2777777777777778,0.659432387312187,54,81.11308307896873,40,210,30,25,False
SRF,0.31793799380618637,0.354354444621699,0.4747623716858378,0.12040792706413878,0.18333333333333332,0.6019900497512438,60,1000.0,270,180,15,5,True
SSB,0.4363155620554889,0.741058436295034,0.5396410416416113,-0.20141739465342268,1.0,0.680089485458613,7,1000.0,20,70,55,30,True
SSC,0.5486952191235058,0.4646207428025686,0.6670436891957605,0.20242294639319192,0.25862068965517243,0.750996015936255,58,81.11308307896873,240,80,30,10,False
SSI,0.5328146853146852,0.3938184870599513,0.6176541098040749,0.22383562274412355,0.5,0.7377622377622378,40,1000.0,70,80,35,40,True
ST8,0.3771945467411481,0.2693121816076002,0.4554863668528702,0.18617418524527002,0.0,0.65625,9,1000.0,210,50,55,15,True
STB,0.4241316673460946,0.3113563881854364,0.5138915781044923,0.2025351899190559,0.6037735849056604,0.6766541822721598,53,1000.0,210,160,45,15,True
STG,0.3817395856064885,0.4170739998053672,0.5208262367434938,0.10375223693812663,0.4782608695652174,0.6382575757575758,23,1000.0,240,70,35,10,True
STK,0.4599576544275774,0.5111480455058586,0.5399676654807083,0.02881961997484972,0.1702127659574468,0.6970588235294117,47,1000.0,190,40,60,15,True
SVC,0.38642715620585855,0.42538460602393585,0.5521772255530095,0.12679261952907367,0.75,0.6317135549872123,12,1000.0,260,290,60,30,True
SVD,0.4233637488239075,0.40668743038682087,0.5551460977234856,0.14845866733666468,0.33962264150943394,0.661504424778761,53,1000.0,280,150,35,40,True
SVT,0.3887118629720864,0.44211186575799527,0.536213350296111,0.09410148453811568,0.34285714285714286,0.6415094339622641,35,1000.0,170,80,50,25,True
SZC,0.5074111638674577,0.4191212561703557,0.5567594291758311,0.13763817300547537,0.2558139534883721,0.731006160164271,43,1000.0,100,20,45,25,True
SZL,0.4205021909042501,0.4491336810293179,0.49888824163991535,0.049754560610597465,0.5277777777777778,0.6809728183118741,36,1000.0,190,180,60,25,True
TBC,0.4448859240754071,0.4097053946253498,0.6094777047080843,0.1997723100827345,0.5714285714285714,0.667741935483871,21,432.87612810830615,180,250,50,10,False
TCB,0.4625833329656605,0.369265536950833,0.5884399082812058,0.21917437133037287,0.5555555555555556,0.6836158192090396,36,1000.0,70,70,55,10,True
TCH,0.4201152651280724,0.5618296441687461,0.5222358372387856,-0.03959380692996051,0.2631578947368421,0.6697674418604651,57,1000.0,40,20,45,5,True
TCI,0.4779713800941841,0.6155859990953858,0.5656812126663995,-0.049904786428986325,0.07547169811320754,0.7034990791896869,53,1000.0,80,100,35,20,True
TCL,0.42725346443298284,0.4652625198116389,0.5265727498983881,0.061310230086749185,0.13333333333333333,0.6774774774774774,15,1000.0,90,30,20,35,True
TCM,0.4031799966159356,0.6092319825727311,0.5403001764622729,-0.06893180611045824,0.0,0.6509186351706037,9,1000.0,150,20,45,35,True
TCO,0.37803539941443726,0.4587727882942036,0.5600865545236515,0.10131376622944793,0.35294117647058826,0.6220839813374806,34,1000.0,230,50,60,15,True
TCR,0.4499931595059472,0.4645633014790826,0.507256789549851,0.04269348807076839,0.2692307692307692,0.6996587030716723,26,1000.0,290,80,55,35,True
TCT,0.36709938548185517,0.2853901377406468,0.5183913594996125,0.23300122175896565,0.045454545454545456,0.6273291925465838,44,1000.0,20,50,20,25,True
TDC,0.468673248429003,0.44989692033061707,0.5755400457160919,0.12564312538547479,0.41379310344827586,0.6924643584521385,29,1000.0,230,220,60,15,True
TDG,0.36415965209885176,0.34747511531406083,0.522896035584858,0.17542092027079714,0.5,0.6764705882352942,0,1000.0,150,300,30,5,True
TDH,0.31794890442502305,0.3972190238939464,0.4594555943958911,0.0622365705019447,0.23255813953488372,0.6055555555555555,43,1000.0,130,110,40,20,True
TDM,0.4213217464845944,0.4380360352874668,0.5486758029305218,0.11063976764305494,0.5897435897435898,0.665283540802213,39,1000.0,100,60,35,40,True
TDP,0.3169582566715285,0.2679319343716743,0.5103547656337574,0.24242283126208308,0.75,0.5896656534954408,16,1000.0,290,40,60,40,True
TDW,0.3768220602764113,0.40434765575230874,0.5809596405755209,0.1766119848232121,0.2777777777777778,0.6152597402597403,54,187.3817422860385,190,180,50,25,False
TEG,0.35979859935925534,0.36536542827402146,0.5385134886894006,0.17314806041537917,0.31666666666666665,0.6140776699029126,60,1000.0,50,300,60,5,True
THG,0.40232411072144264,0.3150882089382851,0.5466758216894227,0.23158761275113765,0.23684210526315788,0.6481178396072013,38,1000.0,150,190,35,40,True
TIP,0.3914625869448505,0.37716310594117275,0.5227889791359717,0.14562587319479892,0.17647058823529413,0.6471698113207547,51,1000.0,120,150,50,25,True
TIX,0.4294126486779493,0.5408970548899613,0.697460846921102,0.15656379203114068,0.16666666666666666,0.6518771331058021,60,187.3817422860385,110,20,60,25,False
TLD,0.37241129328161776,0.3071455376730928,0.3966584515760235,0.08951291390293065,0.2222222222222222,0.6725043782837128,18,1000.0,20,90,50,20,True
TLG,0.49643617021276604,0.4205040894066889,0.6111829714352218,0.19067888202853295,0.5588235294117647,0.7074468085106383,34,1000.0,50,110,35,15,True
TLH,0.4377535351006165,0.4285053911676838,0.5222695686100098,0.09376417744232601,0.3333333333333333,0.6844547563805105,6,1000.0,30,80,45,10,True
TMP,0.45886571021154343,0.3748217679802325,0.550278266790846,0.17545649881061354,1.0,0.6947368421052632,6,1000.0,170,60,25,25,True
TMS,0.32677762376680797,0.3247558335808206,0.4465358522700086,0.12178001868918797,0.3333333333333333,0.6204188481675392,30,1000.0,70,70,30,5,True
TMT,0.40149792507360466,0.34179904115736626,0.5509846603997476,0.20918561924238133,0.3,0.6446700507614214,50,1000.0,100,130,20,5,True
TN1,0.3351711690180881,0.4440817335120464,0.48163757471109253,0.03755584119904615,0.6,0.6131221719457014,15,1000.0,100,40,40,35,True
TNC,0.43032948237916685,0.5842533792597788,0.554871062776111,-0.029382316483667847,0.24390243902439024,0.6674008810572687,41,1000.0,290,270,60,35,True
TNH,0.4541804950406623,0.5624466561532266,0.540481725406534,-0.02196493074669259,0.4090909090909091,0.6920731707317073,22,1000.0,130,170,35,15,True
TNI,0.307193100794028,0.22585870377315645,0.4581879758656671,0.23232927209251067,0.5666666666666667,0.5970149253731343,60,1000.0,20,290,60,40,True
TNT,0.4419250871080139,0.3962203787291567,0.600201888590621,0.20398150986146424,0.23214285714285715,0.662020905923345,56,432.87612810830615,150,160,50,30,False
TPB,0.3751439703449446,0.2201274314885143,0.42670017206484717,0.20657274057633288,0.4666666666666667,0.6660550458715596,15,1000.0,200,20,50,40,True
TPC,0.28608823839395936,0.4041806373031422,0.4595907571811129,0.05541011987797073,0.5,0.621031746031746,0,1000.0,260,70,55,40,True
TRA,0.42330372182271064,0.46478205188361316,0.5949732251423998,0.13019117325878665,0.43333333333333335,0.6512605042016807,30,187.3817422860385,150,260,50,35,False
TRC,0.48631113392368464,0.37380331744625694,0.516615463675191,0.142812146228934,0.375,0.7268041237113402,16,1000.0,100,40,45,20,True
TSC,0.3730058756303272,0.6357219897200013,0.4951600379130273,-0.14056195180697395,0.37037037037037035,0.6395348837209303,27,1000.0,230,230,40,30,True
TTA,0.3704556614423498,0.5639137794924455,0.5301780466044383,-0.03373573288800713,0.8666666666666667,0.6268041237113402,15,1000.0,60,240,60,35,True
TTF,0.40424823672953014,0.29433176864469063,0.5408447727750476,0.24651300413035698,0.5,0.7097902097902098,0,1000.0,300,90,20,35,True
TV2,0.325680841031483,0.0471574122516453,0.5793273676760402,0.5321699554243949,0.0,0.6883561643835616,15,1000.0,110,170,40,5,True
TVB,0.47059714567225536,0.49294141217950815,0.5757756510658842,0.08283423888637609,0.42105263157894735,0.6939890710382514,57,1000.0,80,300,50,5,True
TVS,0.3939865158311801,0.5085936688262359,0.5408512036543983,0.032257534828162404,0.92,0.6421845574387948,25,1000.0,20,40,30,25,True
TVT,0.40028206991670234,0.35881401229521176,0.5244478810724146,0.16563386877720282,0.42857142857142855,0.6556016597510373,7,1000.0,50,60,15,30,True
TYA,0.489165342399229,0.6797105053421529,0.6268094425523449,-0.052901062789807995,0.5625,0.702048417132216,32,187.3817422860385,290,30,55,15,False
UIC,0.3693402662598257,0.3185173195531105,0.48313976110364854,0.164622441550538,0.2,0.641914191419142,50,1000.0,40,230,55,25,True
VAB,0.3280685135707871,0.5010817528250346,0.49481331607332457,-0.006268436751710071,0.46938775510204084,0.6032786885245902,49,1000.0,140,190,40,15,True
VBB,0.20186429956157045,0.6737050435236039,0.47863555822550613,-0.1950694852980978,0.9285714285714286,0.5463215258855586,28,1000.0,120,150,30,40,True
VCA,0.38020036600492496,0.4623105933441365,0.5274030889253559,0.06509249558121943,0.4722222222222222,0.6347826086956522,36,1000.0,150,240,55,40,True
VCB,0.358988046802956,0.3872927595149364,0.5440701918753784,0.156777432360442,0.6,0.6140625,25,1000.0,140,70,45,25,True
VCF,0.37208833559299964,0.5693214487729891,0.5391797449136054,-0.03014170385938364,0.20754716981132076,0.6255924170616114,53,1000.0,30,30,20,30,True
VCG,0.45129143970270447,0.2742477845772145,0.4728665773988375,0.19861879282162298,0.9,0.7122040072859745,10,1000.0,290,190,55,30,True
VCI,0.5263920953774442,0.49152962320922955,0.5992104364634129,0.10768081325418333,0.72,0.7326732673267327,25,1000.0,170,40,35,5,True
VDP,0.3857776813884859,0.3257994446894307,0.5627771162163292,0.23697767152689853,0.3409090909090909,0.6289592760180995,44,1000.0,60,60,15,35,True
VDS,0.5040443597670221,0.3858435078083791,0.5923483320926001,0.20650482428422096,0.36666666666666664,0.7163375224416517,60,1000.0,170,40,40,35,True
VFG,0.3280689074041561,0.26705637245454483,0.49581479187487615,0.22875841942033132,0.44,0.6018691588785047,25,1000.0,100,200,30,10,True
VGC,0.43472016969196586,0.3454258570756003,0.5627594189389094,0.21733356186330904,0.49019607843137253,0.6684303350970018,51,1000.0,90,300,50,20,True
VHC,0.5004644000186157,0.32069884431178314,0.5482568244576744,0.2275579801458913,0.26666666666666666,0.728051391862955,45,1000.0,30,110,60,30,True
VHM,0.44891200516565893,0.4174347855555908,0.560286769670904,0.14285198411531314,0.40350877192982454,0.6810810810810811,57,1000.0,90,230,40,40,True
VIB,0.492799977552234,0.4773234966331805,0.6638720898017022,0.18654859316852168,0.43902439024390244,0.7047451669595782,41,187.3817422860385,60,230,40,35,False
VIC,0.33456530922022065,0.37533171818888306,0.5204713853750446,0.1451396671861615,0.4634146341463415,0.5990639625585024,41,1000.0,90,240,25,40,True
VID,0.42340597065893726,0.542795839652768,0.5970818627763078,0.054286023123539806,0.40625,0.6503496503496503,32,1000.0,30,110,50,40,True
VIP,0.3483773888044634,0.30253147177313916,0.45634533522289933,0.15381386344976017,0.12280701754385964,0.6321483771251932,57,1000.0,20,90,35,25,True
VIX,0.5365514497658719,0.3404698274622334,0.5893524666102202,0.2488826391479868,0.2830188679245283,0.7444253859348199,53,1000.0,170,190,45,35,True
VJC,0.2457015833642567,0.030551227636210196,0.5244227081199045,0.49387148048369434,0.19607843137254902,0.6118881118881119,51,1000.0,110,130,40,30,True
VMD,0.33549379613694275,0.30991666769801385,0.5003899977293951,0.19047333003138123,0.34782608695652173,0.607565011820331,23,1000.0,130,20,55,20,True
VN100,0.5251540806948857,0.3922589201781638,0.5661673701673702,0.1739084499892064,0.5,0.7446457990115322,14,1000.0,120,120,60,20,True
VN30,0.5387574465820416,0.37710884189794225,0.6117443037443038,0.23463546184636153,0.5217391304347826,0.7445255474452555,46,187.3817422860385,90,20,45,35,False
VND,0.5004100529100529,0.5612623923898541,0.6003383596744287,0.03907596728457463,0.7142857142857143,0.7107583774250441,14,1000.0,200,70,35,30,True
VNG,0.4014626032183122,0.5835368027908042,0.5263077819311308,-0.05722902085967341,0.5151515151515151,0.6528662420382165,33,1000.0,250,100,55,30,True
VNINDEX,0.5394766071073788,0.5347643440014981,0.5983746223746225,0.06361027837312438,0.6875,0.7460869565217392,16,1000.0,80,180,35,20,True
VNL,0.36905867389560143,0.3016074206906845,0.5399255070278848,0.23831808633720025,0.5405405405405406,0.6238805970149254,37,1000.0,30,200,60,15,True
VNM,0.3587310685366707,0.4660942075839688,0.5168851316485197,0.05079092406455088,0.7560975609756098,0.6231343283582089,41,1000.0,110,300,35,15,True
VNMID,0.5355751751560827,0.4633584603425126,0.5938174858174858,0.13045902547497323,0.75,0.7438423645320197,12,1000.0,120,200,25,20,True
VNS,0.27952402079546435,0.48182846448864847,0.4580197255312717,-0.023808738957376785,0.13333333333333333,0.5745192307692307,15,1000.0,100,260,40,5,True
VNSML,0.5698784913385704,0.5571274191099869,0.5426417186417186,-0.014485700468268248,0.4482758620689655,0.789838337182448,29,1000.0,210,20,50,35,True
VOS,0.4024856651795145,0.38967005265764265,0.5114494028011848,0.12177935014354213,0.42857142857142855,0.6586715867158671,35,1000.0,160,140,60,25,True
VPB,0.4885189156964866,0.34224615899852967,0.5511528669304593,0.2089067079319296,0.5428571428571428,0.7171314741035857,35,1000.0,260,50,60,5,True
VPD,0.43425094252402513,0.5562273861817744,0.5674375456592168,0.011210159477442416,0.18518518518518517,0.669150521609538,54,1000.0,190,60,25,15,True
VPG,0.6254485649763933,0.3254798807843481,0.5136214124409835,0.18814153165663539,0.1111111111111111,0.84375,9,1000.0,290,280,30,10,True
VPH,0.44993363412683374,0.4327993411319206,0.5431117931256486,0.11031245199372802,0.041666666666666664,0.6876574307304786,48,1000.0,260,170,55,35,True
VPI,0.4797316259270035,0.4969365605477752,0.6003678452293922,0.10343128468161705,0.5471698113207547,0.6961414790996785,53,1000.0,170,40,40,10,True
VPL,0.2346984611410342,0.3534974771070337,0.4091626656288925,0.055665188521858755,0.3,0.5532687651331719,20,1000.0,30,250,25,40,True
VPS,0.48155102157036456,0.6355102329562743,0.6090332951691699,-0.02647693778710436,0.59375,0.6957446808510638,32,1000.0,120,60,45,30,True
VRC,0.3263708745998466,0.5189144115663397,0.5057661435548313,-0.013148268011508368,0.22033898305084745,0.5971370143149284,59,1000.0,60,290,40,5,True
VRE,0.4251966572413531,0.3951831080815154,0.5314445681490866,0.13626146006757117,0.36666666666666664,0.6709323583180987,30,1000.0,60,100,40,20,True
VSC,0.34613611611016093,0.6085397942323562,0.4817254254105375,-0.12681436882181868,0.4166666666666667,0.6216216216216216,24,1000.0,110,120,50,5,True
VSH,0.4174705332045715,0.40565779604312935,0.5029953611141379,0.09733756507100855,0.45098039215686275,0.6765625,51,1000.0,90,110,30,40,True
VSI,0.31631387565075014,0.4054694584471675,0.479224640515482,0.07375518206831455,0.3,0.599388379204893,10,1000.0,290,50,50,40,True
VTB,0.3319279872556065,0.43623307572429265,0.4544661945541106,0.01823311882981793,0.4838709677419355,0.6188679245283019,31,1000.0,130,30,25,25,True
VTO,0.5009759358288769,0.4578543988052606,0.6783126631899804,0.22045826438471983,0.3170731707317073,0.7112299465240641,41,187.3817422860385,40,20,50,30,False
VTP,0.4608000150605852,0.5301472194123484,0.5748193197883578,0.04467210037600933,0.4,0.6861435726210351,40,1000.0,120,50,60,5,True
YBM,0.36610639755523255,0.2452984741877541,0.48633345066991973,0.24103497648216562,0.25806451612903225,0.6374807987711214,31,1000.0,300,150,30,35,True
YEG,0.4318352156845573,0.4000066385951568,0.5903583344143453,0.19035169581918848,0.4444444444444444,0.6568265682656826,18,432.87612810830615,110,40,20,35,False
